delta_margin_logit,delta_margin_prob,k_class_id,k_label,k_rank,l_class_id,l_label,l_rank,sample_idx,shared_only_margin_logit,shared_only_margin_prob,shared_plus_unique_margin_logit,shared_plus_unique_margin_prob
9.232759475708008e-05,3.6656856536865234e-05,6,frog,0,9,truck,1,0,0.5047231316566467,0.09514889121055603,0.5048154592514038,0.0951855480670929
8.404254913330078e-05,3.679096698760986e-05,6,frog,0,2,bird,2,0,0.5635044574737549,0.1034223884344101,0.5635885000228882,0.1034591794013977
0.0003985762596130371,7.353723049163818e-05,6,frog,0,3,cat,3,0,0.9161978363990784,0.14403699338436127,0.9165964126586914,0.1441105306148529
0.0001354217529296875,4.932284355163574e-05,6,frog,0,0,airplane,4,0,1.0229705572128296,0.15376293659210205,1.0231059789657593,0.1538122594356537
-0.00013959407806396484,-5.555152893066406e-05,9,truck,1,6,frog,0,0,-0.5047231316566467,-0.09514889121055603,-0.5048627257347107,-0.0952044427394867
2.6017427444458008e-05,5.4836273193359375e-06,9,truck,1,2,bird,2,0,0.05878135561943054,0.008273497223854065,0.058807373046875,0.008278980851173401
0.00037103891372680664,4.698336124420166e-05,9,truck,1,3,cat,3,0,0.41147470474243164,0.04888810217380524,0.41184574365615845,0.04893508553504944
0.00010418891906738281,2.2590160369873047e-05,9,truck,1,0,airplane,4,0,0.5182474255561829,0.058614037930965424,0.5183516144752502,0.0586366280913353
-0.00014710426330566406,-5.91278076171875e-05,2,bird,2,6,frog,0,0,-0.5635044574737549,-0.1034223884344101,-0.5636515617370605,-0.10348151624202728
-4.202127456665039e-06,-2.518296241760254e-06,2,bird,2,9,truck,1,0,-0.05878135561943054,-0.008273497223854065,-0.05878555774688721,-0.008276015520095825
0.0003884732723236084,4.667788743972778e-05,2,bird,2,3,cat,3,0,0.3526933193206787,0.04061460494995117,0.3530817925930023,0.0406612828373909
3.49581241607666e-05,1.4625489711761475e-05,2,bird,2,0,airplane,4,0,0.4594660699367523,0.05034054070711136,0.4595010280609131,0.05035516619682312
-0.0002313852310180664,-4.602968692779541e-05,3,cat,3,6,frog,0,0,-0.9161978363990784,-0.14403699338436127,-0.9164292216300964,-0.14408302307128906
0.00026977062225341797,4.231184720993042e-05,3,cat,3,9,truck,1,0,-0.41147470474243164,-0.04888810217380524,-0.4112049341201782,-0.048845790326595306
-0.0002459287643432617,-3.092736005783081e-05,3,cat,3,2,bird,2,0,-0.3526933193206787,-0.04061460494995117,-0.352939248085022,-0.040645532310009
-0.00020809471607208252,-1.8611550331115723e-05,3,cat,3,0,airplane,4,0,0.10677272826433182,0.009725935757160187,0.10656463354825974,0.009707324206829071
-0.0001436471939086914,-5.739927291870117e-05,0,airplane,4,6,frog,0,0,-1.0229705572128296,-0.15376293659210205,-1.0231142044067383,-0.15382033586502075
-5.1915645599365234e-05,-1.6279518604278564e-05,0,airplane,4,9,truck,1,0,-0.5182474255561829,-0.058614037930965424,-0.5182993412017822,-0.0586303174495697
-9.047985076904297e-05,-1.9885599613189697e-05,0,airplane,4,2,bird,2,0,-0.4594660699367523,-0.05034054070711136,-0.45955654978752136,-0.05036042630672455
0.0002809464931488037,2.553313970565796e-05,0,airplane,4,3,cat,3,0,-0.10677272826433182,-0.009725935757160187,-0.10649178177118301,-0.009700402617454529
0.00018799304962158203,5.7816505432128906e-05,6,frog,0,9,truck,1,1,0.42294615507125854,0.07451756298542023,0.4231341481208801,0.07457537949085236
0.00034922361373901367,8.14199447631836e-05,6,frog,0,2,bird,2,1,0.50862056016922,0.08613954484462738,0.508969783782959,0.08622096478939056
0.0005615353584289551,0.00010502338409423828,6,frog,0,3,cat,3,1,0.7508488893508911,0.11408934742212296,0.7514104247093201,0.1141943708062172
0.0003396272659301758,8.335709571838379e-05,6,frog,0,0,airplane,4,1,0.8791041970252991,0.12636420130729675,0.8794438242912292,0.12644755840301514
-0.0002658069133758545,-8.685886859893799e-05,9,truck,1,6,frog,0,1,-0.42294615507125854,-0.07451756298542023,-0.4232119619846344,-0.07460442185401917
0.00034621357917785645,4.9561262130737305e-05,9,truck,1,2,bird,2,1,0.08567440509796143,0.011621981859207153,0.08602061867713928,0.01167154312133789
0.0005500614643096924,7.170438766479492e-05,9,truck,1,3,cat,3,1,0.3279027044773102,0.03957178443670273,0.3284527659416199,0.03964348882436752
0.00023478269577026367,4.1507184505462646e-05,9,truck,1,0,airplane,4,1,0.4561580419540405,0.051846638321876526,0.4563928246498108,0.05188814550638199
-0.0007480978965759277,-0.00016655027866363525,2,bird,2,6,frog,0,1,-0.50862056016922,-0.08613954484462738,-0.5093686580657959,-0.08630609512329102
-0.0003999471664428711,-5.728006362915039e-05,2,bird,2,9,truck,1,1,-0.08567440509796143,-0.011621981859207153,-0.0860743522644043,-0.011679261922836304
0.00021363794803619385,2.3365020751953125e-05,2,bird,2,3,cat,3,1,0.24222829937934875,0.027949802577495575,0.24244193732738495,0.027973167598247528
-0.00012436509132385254,-8.89599323272705e-06,2,bird,2,0,airplane,4,1,0.3704836368560791,0.04022465646266937,0.37035927176475525,0.040215760469436646
-0.0003826022148132324,-5.778670310974121e-05,3,cat,3,6,frog,0,1,-0.7508488893508911,-0.11408934742212296,-0.7512314915657043,-0.1141471341252327
-0.0004342496395111084,-5.283951759338379e-05,3,cat,3,9,truck,1,1,-0.3279027044773102,-0.03957178443670273,-0.3283369541168213,-0.03962462395429611
-0.0002910345792770386,-3.170967102050781e-05,3,cat,3,2,bird,2,1,-0.24222829937934875,-0.027949802577495575,-0.2425193339586258,-0.027981512248516083
-0.0003536641597747803,-3.4399330615997314e-05,3,cat,3,0,airplane,4,1,0.12825532257556915,0.012274853885173798,0.12790165841579437,0.0122404545545578
-0.0005658864974975586,-0.0001147240400314331,0,airplane,4,6,frog,0,1,-0.8791041970252991,-0.12636420130729675,-0.8796700835227966,-0.12647892534732819
-0.0001888871192932129,-2.3618340492248535e-05,0,airplane,4,9,truck,1,1,-0.4561580419540405,-0.051846638321876526,-0.45634692907333374,-0.051870256662368774
-0.0001240372657775879,-1.3709068298339844e-05,0,airplane,4,2,bird,2,1,-0.3704836368560791,-0.04022465646266937,-0.3706076741218567,-0.04023836553096771
-0.00011925399303436279,-1.1421740055084229e-05,0,airplane,4,3,cat,3,1,-0.12825532257556915,-0.012274853885173798,-0.12837457656860352,-0.012286275625228882
0.0002626180648803711,5.994737148284912e-05,6,frog,0,9,truck,1,2,0.4480488896369934,0.07739187777042389,0.4483115077018738,0.07745182514190674
0.00020959973335266113,5.285441875457764e-05,6,frog,0,2,bird,2,2,0.46067965030670166,0.07911035418510437,0.4608892500400543,0.07916320860385895
0.00030797719955444336,6.623566150665283e-05,6,frog,0,3,cat,3,2,0.7653272151947021,0.11461520940065384,0.7656351923942566,0.11468144506216049
0.0003692507743835449,7.149577140808105e-05,6,frog,0,0,airplane,4,2,0.9226508736610413,0.12912756204605103,0.9230201244354248,0.1291990578174591
-0.0003431737422943115,-7.7858567237854e-05,9,truck,1,6,frog,0,2,-0.4480488896369934,-0.07739187777042389,-0.4483920633792877,-0.07746973633766174
-0.00011363625526428223,-1.5273690223693848e-05,9,truck,1,2,bird,2,2,0.012630760669708252,0.001718476414680481,0.01251712441444397,0.0017032027244567871
5.120038986206055e-05,7.160007953643799e-06,9,truck,1,3,cat,3,2,0.31727832555770874,0.03722333163022995,0.3173295259475708,0.037230491638183594
1.564621925354004e-05,4.209578037261963e-06,9,truck,1,0,airplane,4,2,0.47460195422172546,0.051735684275627136,0.474617600440979,0.0517398938536644
-0.000247269868850708,-6.312131881713867e-05,2,bird,2,6,frog,0,2,-0.46067965030670166,-0.07911035418510437,-0.46092692017555237,-0.07917347550392151
7.477402687072754e-05,1.0028481483459473e-05,2,bird,2,9,truck,1,2,-0.012630760669708252,-0.001718476414680481,-0.012555986642837524,-0.0017084479331970215
7.018446922302246e-05,1.1548399925231934e-05,2,bird,2,3,cat,3,2,0.3046475648880005,0.03550485521554947,0.3047177493572235,0.0355164036154747
0.00011646747589111328,1.633167266845703e-05,2,bird,2,0,airplane,4,2,0.4619711935520172,0.050017207860946655,0.4620876610279083,0.05003353953361511
2.47955322265625e-05,-3.1888484954833984e-06,3,cat,3,6,frog,0,2,-0.7653272151947021,-0.11461520940065384,-0.7653024196624756,-0.11461839824914932
0.00010055303573608398,1.1011958122253418e-05,3,cat,3,9,truck,1,2,-0.31727832555770874,-0.03722333163022995,-0.31717777252197266,-0.0372123196721077
-6.0617923736572266e-05,-1.0833144187927246e-05,3,cat,3,2,bird,2,2,-0.3046475648880005,-0.03550485521554947,-0.30470818281173706,-0.035515688359737396
-0.00010955333709716797,-8.247792720794678e-06,3,cat,3,0,airplane,4,2,0.15732361376285553,0.014512352645397186,0.15721406042575836,0.014504104852676392
-0.00033223628997802734,-7.234513759613037e-05,0,airplane,4,6,frog,0,2,-0.9226508736610413,-0.12912756204605103,-0.9229831099510193,-0.12919990718364716
-6.505846977233887e-05,-9.357929229736328e-06,0,airplane,4,9,truck,1,2,-0.47460195422172546,-0.051735684275627136,-0.4746670126914978,-0.05174504220485687
-0.0001347661018371582,-1.8671154975891113e-05,0,airplane,4,2,bird,2,2,-0.4619711935520172,-0.050017207860946655,-0.46210595965385437,-0.050035879015922546
-1.944601535797119e-05,-2.0638108253479004e-06,0,airplane,4,3,cat,3,2,-0.15732361376285553,-0.014512352645397186,-0.1573430597782135,-0.014514416456222534
0.00012385845184326172,4.635751247406006e-05,6,frog,0,9,truck,1,3,0.6985147595405579,0.1521366983652115,0.6986386179924011,0.15218305587768555
0.00014579296112060547,5.0067901611328125e-05,6,frog,0,2,bird,2,3,0.7733635306358337,0.16299137473106384,0.7735093235969543,0.16304144263267517
0.00034368038177490234,7.030367851257324e-05,6,frog,0,3,cat,3,3,1.1707040071487427,0.2087857723236084,1.1710476875305176,0.20885607600212097
1.3113021850585938e-06,4.163384437561035e-05,6,frog,0,0,airplane,4,3,1.3994965553283691,0.2279822826385498,1.3994978666305542,0.22802391648292542
-9.876489639282227e-05,-5.544722080230713e-05,9,truck,1,6,frog,0,3,-0.6985147595405579,-0.1521366983652115,-0.6986135244369507,-0.1521921455860138
0.00015217065811157227,2.308189868927002e-05,9,truck,1,2,bird,2,3,0.07484877109527588,0.010854676365852356,0.07500094175338745,0.010877758264541626
0.0003420114517211914,4.1604042053222656e-05,9,truck,1,3,cat,3,3,0.47218918800354004,0.05664908140897751,0.47253119945526123,0.05669068545103073
-6.240606307983398e-05,8.083879947662354e-06,9,truck,1,0,airplane,4,3,0.7009817957878113,0.07584557682275772,0.7009193897247314,0.07585366070270538
-0.0003178119659423828,-9.669363498687744e-05,2,bird,2,6,frog,0,3,-0.7733635306358337,-0.16299137473106384,-0.7736813426017761,-0.16308806836605072
-0.00018024444580078125,-2.7164816856384277e-05,2,bird,2,9,truck,1,3,-0.07484877109527588,-0.010854676365852356,-0.07502901554107666,-0.01088184118270874
0.00019729137420654297,1.8641352653503418e-05,2,bird,2,3,cat,3,3,0.39734041690826416,0.04579440504312515,0.3975377082824707,0.045813046395778656
-0.0002741217613220215,-2.0265579223632812e-05,2,bird,2,0,airplane,4,3,0.6261330246925354,0.06499090045690536,0.6258589029312134,0.06497063487768173
-8.90493392944336e-05,-1.5288591384887695e-05,3,cat,3,6,frog,0,3,-1.1707040071487427,-0.2087857723236084,-1.170793056488037,-0.2088010609149933
9.059906005859375e-05,1.6801059246063232e-05,3,cat,3,9,truck,1,3,-0.47218918800354004,-0.05664908140897751,-0.47209858894348145,-0.056632280349731445
-0.0001747608184814453,-2.1852552890777588e-05,3,cat,3,2,bird,2,3,-0.39734041690826416,-0.04579440504312515,-0.3975151777267456,-0.04581625759601593
-0.000255584716796875,-2.0153820514678955e-05,3,cat,3,0,airplane,4,3,0.22879260778427124,0.019196495413780212,0.22853702306747437,0.019176341593265533
2.658367156982422e-05,-2.8073787689208984e-05,0,airplane,4,6,frog,0,3,-1.3994965553283691,-0.2279822826385498,-1.3994699716567993,-0.228010356426239
0.00011479854583740234,5.245208740234375e-06,0,airplane,4,9,truck,1,3,-0.7009817957878113,-0.07584557682275772,-0.7008669972419739,-0.07584033161401749
6.306171417236328e-05,-1.4901161193847656e-06,0,airplane,4,2,bird,2,3,-0.6261330246925354,-0.06499090045690536,-0.626069962978363,-0.06499239057302475
0.00017589330673217773,1.3455748558044434e-05,0,airplane,4,3,cat,3,3,-0.22879260778427124,-0.019196495413780212,-0.22861671447753906,-0.019183039665222168
