class_id,delta,hypothesis_weight,label,p_full,p_shared_only,p_shared_plus_unique,rank,sample_idx
6,5.8770179748535156e-05,0.20000000298023224,frog,0.24277649819850922,0.24007652699947357,0.2401352971792221,0,0
9,3.3602118492126465e-05,0.20000000298023224,truck,0.1454465091228485,0.14492763578891754,0.14496123790740967,1,0
2,3.14861536026001e-05,0.20000000298023224,bird,0.13679087162017822,0.13665413856506348,0.13668562471866608,2,0
3,-6.355345249176025e-06,0.20000000298023224,cat,0.09561338275671005,0.0960395336151123,0.09603317826986313,3,0
0,1.2867152690887451e-05,0.20000000298023224,airplane,0.0864248126745224,0.08631359785795212,0.086326465010643,4,0
6,9.043514728546143e-05,0.20000000298023224,frog,0.2190806269645691,0.21606428921222687,0.21615472435951233,0,1
9,5.583465099334717e-05,0.20000000298023224,truck,0.14256323873996735,0.14154672622680664,0.1416025608778,1,1
2,7.316470146179199e-06,0.20000000298023224,bird,0.12989480793476105,0.1299247443675995,0.12993206083774567,2,1
3,-2.2232532501220703e-05,0.20000000298023224,cat,0.1016257107257843,0.10197494179010391,0.10195270925760269,3,1
0,-5.364418029785156e-06,0.20000000298023224,airplane,0.08982300758361816,0.08970008790493011,0.08969472348690033,4,1
6,6.642937660217285e-05,0.20000000298023224,frog,0.21644316613674164,0.2143068164587021,0.21437324583530426,0,2
9,7.599592208862305e-06,0.20000000298023224,truck,0.13704775273799896,0.1369149386882782,0.13692253828048706,1,2
2,1.7315149307250977e-05,0.20000000298023224,bird,0.1354963183403015,0.13519646227359772,0.13521377742290497,2,2
3,7.405877113342285e-06,0.20000000298023224,cat,0.09981270134449005,0.09969160705804825,0.09969901293516159,3,2
0,7.450580596923828e-07,0.20000000298023224,airplane,0.0851248949766159,0.08517925441265106,0.08517999947071075,4,2
6,5.5164098739624023e-05,0.20000000298023224,frog,0.3047870397567749,0.3026532232761383,0.30270838737487793,0,3
9,2.5287270545959473e-05,0.20000000298023224,truck,0.15118920803070068,0.15051652491092682,0.15054181218147278,1,3
2,4.3213367462158203e-07,0.20000000298023224,bird,0.13938792049884796,0.13966184854507446,0.13966228067874908,2,3
3,-5.237758159637451e-06,0.20000000298023224,cat,0.09336674958467484,0.09386744350194931,0.09386220574378967,3,3
0,1.1831521987915039e-05,0.20000000298023224,airplane,0.0750422477722168,0.0746709480881691,0.07468277961015701,4,3
