batch_idx,margin,method,overlap,sparse,suff
0,-0.003368324600160122,base_evidence,0.06232382357120514,1.0,-0.16950012743473053
1,-0.005442984402179718,base_evidence,0.058863408863544464,1.0,-0.055827148258686066
2,-0.001482175663113594,base_evidence,0.055860359221696854,1.0,-0.04792705923318863
3,-0.0037677474319934845,base_evidence,0.061947766691446304,1.0,-0.04105592891573906
4,0.003989855758845806,base_evidence,0.0567733496427536,1.0,-0.13465815782546997
5,-0.0027187056839466095,base_evidence,0.061234232038259506,1.0,-0.02645915001630783
6,-0.00010006222873926163,base_evidence,0.059949181973934174,1.0,0.022716587409377098
7,0.0025234948843717575,base_evidence,0.0552874431014061,1.0,-0.11978650093078613
8,0.003260266035795212,base_evidence,0.06417675316333771,1.0,-0.0843605175614357
9,0.0010846159420907497,base_evidence,0.06525246798992157,1.0,-0.07921217381954193
10,-0.006306532770395279,base_evidence,0.06183532625436783,1.0,-0.14930739998817444
11,-0.0017323056235909462,base_evidence,0.06207051873207092,1.0,0.0338909775018692
12,-0.009058210998773575,base_evidence,0.06172388046979904,1.0,-0.0661691278219223
13,0.0033091846853494644,base_evidence,0.05572536587715149,1.0,-0.12851029634475708
14,0.0015114285051822662,base_evidence,0.05625951290130615,1.0,-0.12527337670326233
15,0.002085318323224783,base_evidence,0.05868089571595192,1.0,-0.048220083117485046
16,-0.0017176605761051178,base_evidence,0.058907464146614075,1.0,-0.02625659666955471
17,-0.004571573808789253,base_evidence,0.06053434684872627,1.0,0.002885727211833
18,0.0005775205790996552,base_evidence,0.06032947450876236,1.0,0.00340954028069973
19,-0.0011525563895702362,base_evidence,0.06654752790927887,1.0,-0.14860254526138306
20,-0.002947415690869093,base_evidence,0.061833545565605164,1.0,-0.14796912670135498
21,-0.00012896396219730377,base_evidence,0.056312453001737595,1.0,-0.031048335134983063
22,-0.005438159219920635,base_evidence,0.06497977674007416,1.0,-0.02426649071276188
23,-0.004589634481817484,base_evidence,0.06643500924110413,1.0,-0.07653799653053284
24,-0.0008880440145730972,base_evidence,0.0589112862944603,1.0,-0.04348129779100418
0,-0.08984638750553131,naive_contrastive,0.0,1.0,-0.21077960729599
1,-0.08975532650947571,naive_contrastive,0.0,1.0,-0.08408962190151215
2,-0.0009637605398893356,naive_contrastive,0.0,1.0,-0.03022943064570427
3,-0.09578306972980499,naive_contrastive,0.0,1.0,-0.08086907118558884
4,-0.0022148918360471725,naive_contrastive,0.0,1.0,-0.1249157190322876
5,-0.09026847034692764,naive_contrastive,0.0,1.0,-0.056577567011117935
6,0.01042795181274414,naive_contrastive,0.0,1.0,0.029319651424884796
7,0.0030426084995269775,naive_contrastive,0.0,1.0,-0.1085018441081047
8,-0.0025561507791280746,naive_contrastive,0.0,1.0,-0.07583536207675934
9,0.0024704737588763237,naive_contrastive,0.0,1.0,-0.07771248370409012
10,-0.1574862152338028,naive_contrastive,0.0,1.0,-0.2345941662788391
11,-0.029878240078687668,naive_contrastive,0.0,1.0,0.03270447999238968
12,-0.2183436155319214,naive_contrastive,0.0,1.0,-0.1492742896080017
13,0.042187582701444626,naive_contrastive,0.0,1.0,-0.09900045394897461
14,0.02902388386428356,naive_contrastive,0.0,1.0,-0.08735466003417969
15,-0.001035822555422783,naive_contrastive,0.0,1.0,-0.04227340221405029
16,-0.0365777313709259,naive_contrastive,0.0,1.0,-0.04335968941450119
17,-0.18278971314430237,naive_contrastive,0.0,1.0,-0.08642083406448364
18,0.10400215536355972,naive_contrastive,0.0,1.0,0.058749474585056305
19,-0.08079248666763306,naive_contrastive,0.0,1.0,-0.17606240510940552
20,-0.06152917444705963,naive_contrastive,0.0,1.0,-0.16762498021125793
21,0.06909441947937012,naive_contrastive,0.0,1.0,0.018114285543560982
22,-0.07586796581745148,naive_contrastive,0.0,1.0,-0.05542609840631485
23,-0.0871536135673523,naive_contrastive,0.0,1.0,-0.10825382173061371
24,0.04628853127360344,naive_contrastive,0.0,1.0,-0.012997008860111237
0,2.4121391773223877,optimized,0.002526523545384407,1.1942534446716309,1.0072425603866577
1,1.7193964719772339,optimized,0.005679167807102203,1.1497598886489868,0.806560754776001
2,1.841585636138916,optimized,0.0018042288720607758,1.1142688989639282,0.8967022895812988
3,2.7792937755584717,optimized,0.004440929740667343,1.3404934406280518,1.3092896938323975
4,2.0669913291931152,optimized,0.003984428942203522,1.2252163887023926,0.9409871101379395
5,2.3056914806365967,optimized,0.0029548238962888718,1.2987620830535889,1.1357595920562744
6,2.146125316619873,optimized,0.003619968891143799,1.2010788917541504,1.1220314502716064
7,2.094890832901001,optimized,0.002493070438504219,1.201408863067627,0.9420332908630371
8,1.618438720703125,optimized,0.002323020249605179,1.1361128091812134,0.7556267976760864
9,2.349086046218872,optimized,0.006102118641138077,1.2354867458343506,1.1268647909164429
10,2.5381813049316406,optimized,0.0030855368822813034,1.3119027614593506,1.1172735691070557
11,2.0813164710998535,optimized,0.0032708309590816498,1.2508981227874756,1.073739767074585
12,2.7140390872955322,optimized,0.0031857341527938843,1.3677597045898438,1.2762928009033203
13,1.678920030593872,optimized,0.0033072587102651596,1.1479341983795166,0.73790043592453
14,2.8222315311431885,optimized,0.0035227276384830475,1.378966212272644,1.315887212753296
15,2.590775489807129,optimized,0.0028582997620105743,1.3362327814102173,1.262949824333191
16,2.3077855110168457,optimized,0.003979403525590897,1.2712159156799316,1.1363868713378906
17,2.3193769454956055,optimized,0.0023606885224580765,1.1480138301849365,1.18085515499115
18,2.1917736530303955,optimized,0.004282752051949501,1.1824877262115479,1.0836620330810547
19,1.5362451076507568,optimized,0.003459399566054344,1.0891022682189941,0.6482964754104614
20,1.4824445247650146,optimized,0.0028755757957696915,1.0907914638519287,0.5964455008506775
21,1.4451220035552979,optimized,0.0023794639855623245,1.0928523540496826,0.7284387350082397
22,2.210373640060425,optimized,0.0025963932275772095,1.2784684896469116,1.084979772567749
23,1.9548280239105225,optimized,0.002650924026966095,1.2019978761672974,0.9154924154281616
24,2.4509215354919434,optimized,0.003357619047164917,1.2411776781082153,1.1864709854125977
