robust,shortcut,base_evidence
0.6406940221786499,0.3088434338569641,0.5234417915344238
0.791502833366394,0.5587902665138245,0.8559349775314331
0.7970736622810364,0.761293888092041,0.9332176446914673
0.909602701663971,0.6937096118927002,0.8308165669441223
0.8387529253959656,0.7916260957717896,0.8817010521888733
0.7241592407226562,0.4884628355503082,0.6238762140274048
0.8552660346031189,0.7523843050003052,0.9128747582435608
0.7362703680992126,0.2856060266494751,0.5486556887626648
0.9229084253311157,0.7944769263267517,0.9740352034568787
0.9201728105545044,0.8428730368614197,0.9049060344696045
0.8179388046264648,0.7001864314079285,0.9259876012802124
0.345982164144516,0.3763654828071594,0.5974400639533997
0.9583213329315186,0.8799823522567749,0.9619746208190918
0.8524417877197266,0.8154182434082031,0.857068657875061
0.81587815284729,0.42420676350593567,0.6408731937408447
0.9666431546211243,0.9689493179321289,0.9886277914047241
0.541707456111908,0.23343253135681152,0.3302804231643677
0.7937572002410889,0.3127509355545044,0.5800305604934692
0.9207970499992371,0.7989875674247742,0.7750840187072754
0.9466979503631592,0.7677007913589478,0.9146469831466675
0.7487909197807312,0.5472379922866821,0.6953566670417786
0.6431447863578796,0.6001136898994446,0.5517481565475464
0.771459698677063,0.4266773760318756,0.6353651881217957
0.5421749353408813,0.3752058744430542,0.5872450470924377
0.9565243721008301,0.8610701560974121,0.9586707353591919
0.7959315776824951,0.5670996904373169,0.7441664338111877
0.4675504267215729,0.3041551411151886,0.24345898628234863
0.9214798808097839,0.6135333180427551,0.8406950235366821
0.43081510066986084,0.4583244025707245,0.8696073293685913
0.8849037289619446,0.5918136835098267,0.7371236681938171
0.9103242754936218,0.549551784992218,0.848939061164856
0.830618143081665,0.4613815248012543,0.7412310242652893
0.44720032811164856,0.2387235313653946,0.4772151708602905
0.6203732490539551,0.44544824957847595,0.601585865020752
0.8577587008476257,0.8192790746688843,0.8713577389717102
0.6771396398544312,0.2816354036331177,0.4353437125682831
0.5988962650299072,0.3771524131298065,0.5951324701309204
0.7025986909866333,0.7493528723716736,0.7739628553390503
0.8374089002609253,0.6235883831977844,0.9254599809646606
0.5096294283866882,0.25571537017822266,0.4709213674068451
0.7309707999229431,0.40430742502212524,0.5290952324867249
0.8000605702400208,0.570706307888031,0.7633782029151917
0.19017480313777924,0.1712825447320938,0.2851536273956299
0.7092813849449158,0.509483814239502,0.7057402729988098
0.9056951999664307,0.8249361515045166,0.9536082148551941
0.764224648475647,0.47931283712387085,0.7596584558486938
0.9619390368461609,0.9254224300384521,0.9694289565086365
0.059328656643629074,0.26648086309432983,0.1694067120552063
0.8898687362670898,0.7607795000076294,0.9300435781478882
0.8680322170257568,0.688430666923523,0.9006286859512329
0.741996169090271,0.3827570378780365,0.8974137902259827
0.8989895582199097,0.6399593353271484,0.8503943681716919
0.5013241171836853,0.47105100750923157,0.6260303258895874
0.5614700317382812,0.3475823700428009,0.4207831025123596
0.8465150594711304,0.7254464030265808,0.7962783575057983
0.9733096957206726,0.8956149816513062,0.896282970905304
0.6851745247840881,0.4248644709587097,0.35432741045951843
0.9758836030960083,0.942402720451355,0.9597941637039185
0.5770423412322998,0.38990455865859985,0.7055844664573669
0.07174744457006454,0.07070144265890121,0.1706358641386032
0.7622525095939636,0.5979548692703247,0.8567641973495483
0.3770509362220764,0.20972256362438202,0.19172686338424683
0.6968969702720642,0.4867973029613495,0.6743561029434204
0.7963216304779053,0.46371281147003174,0.8680770397186279
0.9733256697654724,0.9199817180633545,0.9530785083770752
0.7100034952163696,0.5174536108970642,0.5371183156967163
0.854416012763977,0.7204688787460327,0.8585619926452637
0.9410625100135803,0.8279051780700684,0.9080473780632019
0.9681245684623718,0.8563057780265808,0.9195102453231812
0.9959985017776489,0.9866469502449036,0.99322509765625
0.86920166015625,0.5672205090522766,0.6961780190467834
0.8796035647392273,0.7156408429145813,0.7150412797927856
0.8740188479423523,0.5635793805122375,0.7046735882759094
0.7911365032196045,0.41807663440704346,0.8427810072898865
0.8269591331481934,0.6857065558433533,0.8265204429626465
0.9272906184196472,0.7502878308296204,0.9829384088516235
0.9206266403198242,0.7252903580665588,0.8831731081008911
0.9223141670227051,0.735211968421936,0.9098672866821289
0.9366200566291809,0.8308843970298767,0.9280943870544434
0.44774144887924194,0.520287811756134,0.5323131680488586
0.942517101764679,0.7513153553009033,0.9880738258361816
0.8699483871459961,0.7288743257522583,0.8573507070541382
0.9087409973144531,0.7663315534591675,0.8945885896682739
0.8767661452293396,0.6824182271957397,0.8919126391410828
0.4814473092556,0.3480679392814636,0.48658567667007446
0.9138434529304504,0.8279034495353699,0.9086588621139526
0.7570587992668152,0.2920726239681244,0.600344717502594
0.7296524047851562,0.46729397773742676,0.7527074813842773
0.9455541968345642,0.8275330066680908,0.928777813911438
0.8853257894515991,0.7977226972579956,0.8669830560684204
0.9269264340400696,0.7219192981719971,0.8522085547447205
0.8884243965148926,0.8494499325752258,0.8670809864997864
0.44198334217071533,0.4851062595844269,0.6539424061775208
0.6720941066741943,0.4410232603549957,0.5073767304420471
0.23265476524829865,0.224569633603096,0.24758285284042358
0.7399305105209351,0.45079782605171204,0.5817114114761353
0.8229427337646484,0.6392941474914551,0.8930062055587769
0.9450871348381042,0.7585973143577576,0.944304347038269
0.6290510892868042,0.6919144988059998,0.7369471788406372
0.5235427618026733,0.41099900007247925,0.5232211351394653
0.819781482219696,0.611071765422821,0.7351825833320618
0.25559529662132263,0.30751892924308777,0.6775949001312256
0.6197267174720764,0.4616948068141937,0.5337533950805664
0.8776317238807678,0.5569000840187073,0.8542137145996094
0.8884705901145935,0.8320794701576233,0.8168588280677795
0.9572910666465759,0.7486662864685059,0.8445746898651123
0.8986570239067078,0.7246277332305908,0.8665478229522705
0.7793388962745667,0.6361821293830872,0.7384742498397827
0.8472827672958374,0.46355220675468445,0.7651612758636475
0.882324755191803,0.7045260667800903,0.8786351680755615
0.8850851058959961,0.6906097531318665,0.7477508783340454
0.8404191732406616,0.523253321647644,0.6645185947418213
0.29522085189819336,0.2062518298625946,0.3563075363636017
0.8576270937919617,0.4692173898220062,0.7969362139701843
0.9141437411308289,0.6706756949424744,0.7906885147094727
0.5673515796661377,0.6452722549438477,0.769656777381897
0.3806818127632141,0.17940758168697357,0.5184733271598816
0.6275224089622498,0.41459277272224426,0.5592746734619141
0.802570104598999,0.5859375596046448,0.7478176355361938
0.963017463684082,0.9122089743614197,0.9935758709907532
0.7837079763412476,0.5711097121238708,0.8321670889854431
0.9559191465377808,0.7856067419052124,0.9494009017944336
0.8863146305084229,0.641149640083313,0.8407847285270691
0.8577194809913635,0.6747249364852905,0.781964123249054
0.4020402431488037,0.3610791862010956,0.24383506178855896
0.3366119861602783,0.1346064954996109,0.23416802287101746
0.6838196516036987,0.7006536722183228,0.8052561283111572
0.885801374912262,0.7187623381614685,0.8174106478691101
0.864313542842865,0.7428472638130188,0.802706778049469
0.733978807926178,0.6502558588981628,0.7233299016952515
0.9369879961013794,0.7610012292861938,0.9199197888374329
0.9062020778656006,0.6882258653640747,0.8061312437057495
0.484259694814682,0.357320636510849,0.5041682124137878
0.942132294178009,0.8109023571014404,0.9417790770530701
0.5361202955245972,0.3385482430458069,0.40546053647994995
0.577329158782959,0.47047337889671326,0.569139301776886
0.205347940325737,0.17544101178646088,0.3088572919368744
0.8086226582527161,0.41245996952056885,0.6494429111480713
0.6651994585990906,0.40538883209228516,0.6947348713874817
0.6916846036911011,0.6371533870697021,0.8931898474693298
0.915974497795105,0.7456153631210327,0.8668311834335327
0.4715126156806946,0.24239350855350494,0.4189121127128601
0.9127001762390137,0.9034796357154846,0.9506224393844604
0.6469537615776062,0.5001131296157837,0.5228345990180969
0.66339111328125,0.2876293659210205,0.47398263216018677
0.39834243059158325,0.22701261937618256,0.2571328282356262
0.8272190690040588,0.588533878326416,0.7777096033096313
0.8840871453285217,0.6414423584938049,0.8539186716079712
0.5426256060600281,0.2956368625164032,0.39083051681518555
0.9885058403015137,0.9688975811004639,0.9793825745582581
0.15512217581272125,0.10706761479377747,0.23856446146965027
0.537662148475647,0.3206554353237152,0.535109281539917
0.8004970550537109,0.7879663109779358,0.9013638496398926
0.8309086561203003,0.5331260561943054,0.760561466217041
0.9258144497871399,0.7714644074440002,0.8642711639404297
0.9375823736190796,0.8195924758911133,0.9187508821487427
0.8537119626998901,0.6310985088348389,0.8574892282485962
0.5567097067832947,0.6386709809303284,0.5115218162536621
0.8250061273574829,0.41683536767959595,0.8070869445800781
0.49648812413215637,0.39821138978004456,0.5935388207435608
0.25562894344329834,0.2415880411863327,0.3588387668132782
0.8049948215484619,0.627349317073822,0.83131343126297
0.029783954843878746,0.03561383858323097,0.1406487375497818
0.8096930384635925,0.5564427375793457,0.839033842086792
0.1883370578289032,0.18763475120067596,0.34455665946006775
0.9853994846343994,0.9689890742301941,0.9802368879318237
0.6740509271621704,0.4664779603481293,0.638611912727356
0.7005022764205933,0.34835284948349,0.5926969051361084
0.49970778822898865,0.505702018737793,0.6559861302375793
0.6325185298919678,0.5125164985656738,0.5577690601348877
0.7628883123397827,0.4975246489048004,0.8059259057044983
0.6699346899986267,0.354325532913208,0.6106723546981812
0.7500503659248352,0.4059950113296509,0.7466675043106079
0.7871832251548767,0.5020726323127747,0.68318110704422
0.6771239638328552,0.41328519582748413,0.7459231615066528
0.6860747337341309,0.8041461110115051,0.8432201743125916
0.9276095032691956,0.8755381107330322,0.9482167363166809
0.7775377035140991,0.5907206535339355,0.758743941783905
0.8911815285682678,0.4082275331020355,0.7971502542495728
0.11011240631341934,0.2916598916053772,0.14830943942070007
0.8538628220558167,0.5941281914710999,0.7314033508300781
0.7644542455673218,0.4222891926765442,0.6186078786849976
0.7912054657936096,0.6402460932731628,0.7955738306045532
0.6160063147544861,0.5656192302703857,0.5100980997085571
0.7249473333358765,0.5246766805648804,0.758438229560852
0.678297758102417,0.4136049747467041,0.5868735909461975
0.6989290118217468,0.5440034866333008,0.7341147065162659
0.9049559831619263,0.587411642074585,0.8324596881866455
0.8681861162185669,0.8642421364784241,0.8865585923194885
0.6205307841300964,0.36742594838142395,0.7257952094078064
0.8718416690826416,0.5189939737319946,0.6737443804740906
0.7915714383125305,0.6868541240692139,0.7648622989654541
0.7567682266235352,0.6130022406578064,0.739964485168457
0.7662510871887207,0.3033826947212219,0.6992602944374084
0.7455859184265137,0.2655988931655884,0.5759094953536987
0.5878322124481201,0.22050568461418152,0.4994353950023651
0.31798866391181946,0.14545224606990814,0.28316614031791687
0.8121860027313232,0.5352903008460999,0.6662909984588623
0.9563643932342529,0.7971140742301941,0.9151915311813354
0.7433035373687744,0.6435445547103882,0.9703106880187988
0.7329767942428589,0.3192978501319885,0.673042893409729
0.7536558508872986,0.693946897983551,0.850386381149292
0.7736833691596985,0.6425487995147705,0.7928319573402405
0.7660823464393616,0.2895257771015167,0.5265944004058838
0.9557318687438965,0.9363203048706055,0.965480625629425
0.7066969871520996,0.5024726986885071,0.7847022414207458
0.9731629490852356,0.8394520878791809,0.9535125494003296
0.9187033772468567,0.7595587372779846,0.9614598751068115
0.6679935455322266,0.7082722783088684,0.7072476148605347
0.9407849907875061,0.816810131072998,0.9248925447463989
0.9545478820800781,0.920758843421936,0.9336602091789246
0.43161913752555847,0.21974651515483856,0.5246921181678772
0.8477973937988281,0.41081559658050537,0.9027872085571289
0.9881126880645752,0.9866469502449036,0.9902451634407043
0.7611297369003296,0.4304872155189514,0.604225218296051
0.7270494699478149,0.4154997169971466,0.7084293365478516
0.7700713276863098,0.29774990677833557,0.5386397838592529
0.42769449949264526,0.43562838435173035,0.5729039907455444
0.4056819677352905,0.25157028436660767,0.6138764023780823
0.31517162919044495,0.06158021092414856,0.12358064204454422
0.722172737121582,0.6139588356018066,0.6095516681671143
0.6603732705116272,0.5440559387207031,0.6944568157196045
0.5366709232330322,0.43396469950675964,0.6919458508491516
0.9441162347793579,0.8844267725944519,0.9774888157844543
0.8359283208847046,0.5043845772743225,0.528679370880127
0.8705981969833374,0.7033212184906006,0.8011600971221924
0.7978798151016235,0.4430176615715027,0.6721367835998535
0.8378834128379822,0.5590637922286987,0.8943219780921936
0.773880124092102,0.5344396233558655,0.8102403283119202
0.6553715467453003,0.3241337537765503,0.5522345304489136
0.9714227914810181,0.9169323444366455,0.9755373597145081
0.5363548398017883,0.1919405311346054,0.3517286777496338
0.9459017515182495,0.8741230368614197,0.9058177471160889
0.299525648355484,0.35957151651382446,0.44194263219833374
0.9254099130630493,0.8868040442466736,0.929786205291748
0.9057306051254272,0.6347326636314392,0.8326512575149536
0.8207706809043884,0.5305724143981934,0.8433803915977478
0.7749233841896057,0.42795324325561523,0.6267942190170288
0.9591658711433411,0.9082030057907104,0.953004777431488
0.8554724454879761,0.7197187542915344,0.8306326270103455
0.7249255776405334,0.5669420957565308,0.7142556309700012
0.8472474217414856,0.6950477361679077,0.7539209127426147
0.6429194808006287,0.23126360774040222,0.40671539306640625
0.8625125885009766,0.8517594933509827,0.9366312026977539
0.6309806108474731,0.4491554796695709,0.5265003442764282
0.7357757091522217,0.45137113332748413,0.8042504787445068
0.937294602394104,0.7226902842521667,0.9814075231552124
0.9888092875480652,0.9822226762771606,0.9851611256599426
0.710513710975647,0.534273624420166,0.7186583876609802
0.9348013997077942,0.7972325086593628,0.8939931392669678
0.8866626024246216,0.7217979431152344,0.8506020307540894
0.4735172390937805,0.3080283999443054,0.5435079336166382
0.7442947626113892,0.6130791902542114,0.8544995188713074
0.48106664419174194,0.44762006402015686,0.7092743515968323
0.18002115190029144,0.05143878608942032,0.10984771698713303
0.6605945229530334,0.40830886363983154,0.5393745303153992
0.654338002204895,0.541289210319519,0.7274497747421265
0.7160354852676392,0.3861195743083954,0.6402741074562073
0.8981602191925049,0.7732529640197754,0.9257616996765137
0.9834495782852173,0.9384765028953552,0.9755825996398926
0.9715129733085632,0.8976381421089172,0.9707491397857666
0.9044528603553772,0.7874464392662048,0.8782607913017273
0.5745061635971069,0.2835223972797394,0.4807279706001282
0.6414141654968262,0.4532267451286316,0.872785210609436
0.643510103225708,0.46304386854171753,0.7587758302688599
0.5356630086898804,0.35875847935676575,0.5490440130233765
0.4882916808128357,0.3130251169204712,0.28560081124305725
0.8086411952972412,0.5426539182662964,0.6708138585090637
0.6887702941894531,0.479170024394989,0.5101481676101685
0.9376146197319031,0.9379783272743225,0.9672684669494629
0.8472177386283875,0.8472177386283875,0.9415959119796753
0.8266027569770813,0.5635679364204407,0.7700530290603638
0.6007852554321289,0.3181644082069397,0.764063835144043
0.993179440498352,0.9777581095695496,0.9843305349349976
0.9028270840644836,0.601972758769989,0.7717494368553162
0.6126646399497986,0.2824719548225403,0.36816084384918213
0.9672913551330566,0.8351343870162964,0.9596138000488281
0.20930327475070953,0.21780873835086823,0.3914100229740143
0.4231542944908142,0.43033650517463684,0.4197881817817688
0.4082610011100769,0.20779603719711304,0.24424535036087036
0.8415677547454834,0.413225382566452,0.7202261686325073
0.8323767185211182,0.5186942219734192,0.8059671521186829
0.29775869846343994,0.27824652194976807,0.29426109790802
0.9912779927253723,0.954993724822998,0.9866198301315308
0.6827446818351746,0.42173415422439575,0.7983300089836121
0.6810780167579651,0.35427841544151306,0.8119890689849854
0.7816686630249023,0.8116680979728699,0.9132532477378845
0.9272804856300354,0.8368343114852905,0.9461678266525269
0.8430113196372986,0.5526160597801208,0.8530643582344055
0.8445929288864136,0.4816446304321289,0.771214485168457
0.6487456560134888,0.28778699040412903,0.30912864208221436
0.7601483464241028,0.4818490743637085,0.7655487060546875
0.7940895557403564,0.38706228137016296,0.5471392273902893
0.7995424270629883,0.723641574382782,0.9562583565711975
0.9737505316734314,0.9021317362785339,0.924756646156311
0.5430960655212402,0.45676252245903015,0.624200165271759
0.5043172240257263,0.19897088408470154,0.49296408891677856
0.9104357957839966,0.7498604655265808,0.7824838757514954
0.055872928351163864,0.0940212607383728,0.04909956827759743
0.8188069462776184,0.6549745202064514,0.6088145971298218
0.9102303385734558,0.877105176448822,0.9211180210113525
0.5634121298789978,0.283249169588089,0.33691102266311646
0.0928574800491333,0.22113588452339172,0.27099063992500305
0.9525109529495239,0.7510152459144592,0.9216583967208862
0.8717575669288635,0.8076706528663635,0.8665755987167358
0.9154384732246399,0.8184581995010376,0.9179297089576721
0.4937953054904938,0.24795272946357727,0.3371630907058716
0.8015889525413513,0.720145046710968,0.8714122176170349
0.9972270131111145,0.9910913109779358,0.9939473867416382
0.19108735024929047,0.20302219688892365,0.25970011949539185
0.7867109179496765,0.6933969259262085,0.8067542314529419
0.8649744391441345,0.6081640720367432,0.8879175186157227
0.7114366888999939,0.4249812364578247,0.7608868479728699
0.40001747012138367,0.3746229112148285,0.6012039184570312
0.789999783039093,0.511347770690918,0.7987936735153198
0.455344557762146,0.2276832014322281,0.2859397232532501
0.79952073097229,0.5821022987365723,0.8268438577651978
0.22034615278244019,0.18486331403255463,0.41030314564704895
0.8852670192718506,0.56078040599823,0.7461860775947571
0.939174473285675,0.8471801280975342,0.9325981140136719
0.4803885519504547,0.32953062653541565,0.45064669847488403
0.7337056398391724,0.33031290769577026,0.6501538157463074
0.806572675704956,0.4387425184249878,0.5926502346992493
0.9019724726676941,0.7602981925010681,0.8939353227615356
0.7502002120018005,0.5745750069618225,0.7455180883407593
0.7909482717514038,0.801179826259613,0.8363397121429443
0.7342343926429749,0.733363151550293,0.8185502290725708
0.26829901337623596,0.28852468729019165,0.27342677116394043
0.8689586520195007,0.8050711750984192,0.9499416947364807
0.13066944479942322,0.11388713866472244,0.22156912088394165
0.6297101974487305,0.3935609757900238,0.6114524602890015
0.9262009263038635,0.7251726388931274,0.9300482273101807
0.941089928150177,0.8511162996292114,0.847217321395874
0.8632932901382446,0.7342554330825806,0.8385561108589172
0.4732099175453186,0.179364413022995,0.3052452802658081
0.9636827111244202,0.8606305718421936,0.8896571397781372
0.8696442246437073,0.7429760098457336,0.9133284091949463
0.764953076839447,0.5001158714294434,0.6794468760490417
0.94861900806427,0.9006511569023132,0.922465443611145
0.9278780817985535,0.8313376903533936,0.9190562963485718
0.6760071516036987,0.7307733297348022,0.6954799294471741
0.8240653872489929,0.5731853246688843,0.5913166403770447
0.7204076647758484,0.6206197738647461,0.5742664337158203
0.5998485088348389,0.5998485088348389,0.8917719125747681
0.5794265866279602,0.37524983286857605,0.5500482320785522
0.6869563460350037,0.4671283960342407,0.4969499707221985
0.810325026512146,0.39115044474601746,0.6880024671554565
0.47075438499450684,0.2592456042766571,0.34977924823760986
0.7092025279998779,0.4479674994945526,0.6041828393936157
0.8118293881416321,0.31107428669929504,0.7334437966346741
0.9590391516685486,0.8444275259971619,0.9287062883377075
0.7037730813026428,0.5747748613357544,0.615502655506134
0.74901282787323,0.70707106590271,0.7413183450698853
0.70429527759552,0.5147290825843811,0.7980513572692871
0.8292336463928223,0.6792178750038147,0.9012203216552734
0.5044504404067993,0.42616981267929077,0.6280651092529297
0.6708095073699951,0.5323660373687744,0.6526616215705872
0.6738201379776001,0.4778798520565033,0.5880359411239624
0.9240894317626953,0.7900988459587097,0.8303128480911255
0.9324816465377808,0.6913735866546631,0.9093785285949707
0.5235499739646912,0.4647834599018097,0.42353618144989014
0.9435425400733948,0.8044284582138062,0.9661164283752441
0.6202250719070435,0.3119419813156128,0.5261658430099487
0.6176121234893799,0.5827855467796326,0.6390780210494995
0.8268021941184998,0.5569594502449036,0.8232893347740173
0.595112144947052,0.427989661693573,0.3282671570777893
0.23082634806632996,0.2793777883052826,0.3438849151134491
0.5031848549842834,0.2429785281419754,0.4176178574562073
0.9126109480857849,0.8362165093421936,0.8350597620010376
0.9176822900772095,0.6521105170249939,0.8660760521888733
0.5306292772293091,0.5777172446250916,0.7840584516525269
0.6969153881072998,0.2880890965461731,0.39113837480545044
0.9257481098175049,0.736226499080658,0.8938717842102051
0.9925267696380615,0.9866469502449036,0.9956822395324707
0.48513439297676086,0.13402819633483887,0.4263826906681061
0.5127106308937073,0.3237161636352539,0.5359917283058167
0.8511590957641602,0.5747044086456299,0.6041294932365417
0.9503285884857178,0.7783199548721313,0.8427761793136597
0.6785905957221985,0.4122992753982544,0.610314667224884
0.10210061073303223,0.3142276108264923,0.21087636053562164
0.10276000946760178,0.06503447145223618,0.20959530770778656
0.6777548789978027,0.3765641748905182,0.8043349385261536
0.8999337553977966,0.8090171813964844,0.9748321771621704
0.8743225336074829,0.7881231307983398,0.8928451538085938
0.8549081087112427,0.6257879734039307,0.8377296924591064
0.8408279418945312,0.8393473029136658,0.8933199644088745
0.6964532732963562,0.35465624928474426,0.632550060749054
0.9676180481910706,0.942402720451355,0.9807757139205933
0.32150426506996155,0.062106676399707794,0.19525355100631714
0.09359040856361389,0.06158966198563576,0.23579666018486023
0.9598863124847412,0.8650948405265808,0.957179069519043
0.9967096447944641,0.9910913109779358,0.9945178031921387
0.9550596475601196,0.8035714030265808,0.8742983937263489
0.08114133775234222,0.07935459911823273,0.23037348687648773
0.7443960309028625,0.4310353100299835,0.42026156187057495
0.8053447008132935,0.5285248160362244,0.8004306554794312
0.6941553950309753,0.34700268507003784,0.740429162979126
0.8867960572242737,0.8188775181770325,0.8985198736190796
0.7964819669723511,0.4062069058418274,0.65836101770401
0.7400317788124084,0.42227181792259216,0.8159090876579285
