dataset,evidence,margin_fmt,margin_mean,margin_std,method,n_seeds,overlap_fmt,overlap_mean,overlap_std,sparse_fmt,sparse_mean,sparse_std,suff_fmt,suff_mean,suff_std
ham10000,gradcam,-3.0384,-3.03841881275177,1.1806407055788326,base_evidence,3,0.3709,0.37085954268773397,0.021635602324339254,0.9517,0.9516666618982951,0.0037859336073213096,0.1670,0.16703997189799946,0.17193477492352358
ham10000,gradcam,-3.0178,-3.017842775980631,1.1781765059238583,naive_contrastive,3,0.2033,0.20326309949159624,0.014534098187901854,0.9517,0.9516666642824809,0.0037859358114373525,0.1831,0.18314701569577055,0.17706108731003806
ham10000,gradcam,0.4236,0.4235874949892362,0.8000664132232371,optimized,3,0.0574,0.05735220496853193,0.003356406414435445,1.0970,1.0969992470741272,0.10795654355280455,2.0068,2.00675239721934,0.5334509938734402
ham10000,ig,-3.0782,-3.078220953941345,1.1828662220400499,base_evidence,3,0.4891,0.48905567208925876,0.00336855461062175,1.0000,1.0,0.0,0.1235,0.12350528140862782,0.1553104116070836
ham10000,ig,-3.0063,-3.0063117281595866,1.1636401851212974,naive_contrastive,3,0.2797,0.27974161744117737,0.003734647375758464,1.0000,1.0,0.0,0.1916,0.19163713589310646,0.18992814896928903
ham10000,ig,0.5673,0.5672723951935769,0.8604458162913075,optimized,3,0.1184,0.11837490389744441,0.006684515655048722,1.1429,1.142850612004598,0.10818942688120396,2.1343,2.1343263546625773,0.6058405124737937
brain_tumor,gradcam,-1.0717,-1.0717098263899485,0.4364490500648735,base_evidence,3,0.0610,0.060993781561652825,0.008095526287287286,0.9925,0.9925000007947286,0.012275765850867542,0.2433,0.24332274441917737,0.12333162125908773
brain_tumor,gradcam,-1.0325,-1.0325173978010813,0.4406569580909922,naive_contrastive,3,0.0062,0.006152366492897272,0.0009661537805400549,0.9925,0.9925000023841858,0.012275763099433219,0.2790,0.2790158540010452,0.13047469481539095
brain_tumor,gradcam,1.2077,1.2076883978645008,0.3736671047119829,optimized,3,0.0081,0.008059629797935485,0.002240819280932478,1.3986,1.3986462974548342,0.07461456912333393,1.8301,1.8300878445307414,0.2523244471467893
brain_tumor,ig,-1.5719,-1.5718954968452454,0.3188107832349023,base_evidence,3,0.2976,0.2976024413108826,0.012156668365459183,1.0000,1.0,0.0,0.0862,0.08617585102717083,0.0722898431001355
brain_tumor,ig,-1.5603,-1.5602500315507253,0.4070593465975104,naive_contrastive,3,0.1397,0.1396512794494629,0.017080606985657852,1.0000,1.0,0.0,0.1593,0.15934013051291307,0.1316203327677722
brain_tumor,ig,1.3304,1.3304254314800104,0.45052173239623844,optimized,3,0.0482,0.04824372892578443,0.004599715650231485,1.4143,1.4142958370844523,0.09162019961417445,2.0501,2.050142850875855,0.28659814422660457
