headroom,mean,method,n,std
9.004129897853126e-10,0.017648063600063324,uniform,597,0.014945248141884804
0.1397264963286648,0.1549086570739746,center_cell,597,0.3068998157978058
0.06849913938008782,0.08493832498788834,base_evidence,597,0.08633849769830704
0.01941044105715148,0.03671594709157944,cdea_shared,597,0.037458211183547974
0.1160793929522797,0.13167887926101685,cdea_unique,597,0.15218184888362885
-0.0015380288199949759,0.016137177124619484,cdea_unique_translated,597,0.046746864914894104
0.06849913938008782,0.08493832498788834,base_evidence_rank0,597,0.08633849769830704
0.0669196209253847,0.08338668197393417,base_evidence_rank1,597,0.0833968073129654
0.05565925875390909,0.07232504338026047,base_evidence_rank2,597,0.06534426659345627
0.1160793929522797,0.13167887926101685,cdea_unique_rank0,597,0.15218184888362885
0.03998582707953274,0.05692821741104126,cdea_unique_rank1,597,0.07983637601137161
0.023398881015336218,0.040633998811244965,cdea_unique_rank2,597,0.05577117204666138
