in_lesion_robust,in_lesion_shortcut,in_lesion_base_evidence
0.6146249175071716,0.34944990277290344,0.5162372589111328
0.4803274869918823,0.5750688910484314,0.656791090965271
0.47088536620140076,0.5093135237693787,0.7832052707672119
0.2964017391204834,0.3600001037120819,0.3942856192588806
0.1996707171201706,0.2987847626209259,0.25203579664230347
0.2999970316886902,0.11931999772787094,0.33673369884490967
0.04508131369948387,0.04508131369948387,0.2107175588607788
0.019849974662065506,0.021289359778165817,0.07267646491527557
0.48126593232154846,0.49681758880615234,0.8336887359619141
0.30088016390800476,0.21764597296714783,0.5020343065261841
0.45143094658851624,0.45143094658851624,0.8672171831130981
0.16087371110916138,0.3020063638687134,0.3924567401409149
0.4285913407802582,0.4285913407802582,0.6697322130203247
0.6599568724632263,0.6599568724632263,0.8454751968383789
0.299525648355484,0.29674461483955383,0.6100925207138062
0.30885282158851624,0.30885282158851624,0.6399615406990051
0.39407283067703247,0.45654812455177307,0.6966946125030518
0.27516961097717285,0.2968151867389679,0.6128416657447815
0.4611789584159851,0.5062876343727112,0.23217087984085083
0.15985728800296783,0.15985728800296783,0.5450336337089539
0.14552773535251617,0.14552773535251617,0.41430938243865967
0.6538065671920776,0.4938686490058899,0.700609028339386
0.24326367676258087,0.27084243297576904,0.6438913345336914
0.2608654797077179,0.32885974645614624,0.43148282170295715
0.056281886994838715,0.056281886994838715,0.24194948375225067
0.09396922588348389,0.09396922588348389,0.30400654673576355
0.5345457792282104,0.23475365340709686,0.5484450459480286
0.502817690372467,0.22219021618366241,0.5962467789649963
0.19134078919887543,0.20811793208122253,0.41044485569000244
0.07269960641860962,0.24141857028007507,0.1978478729724884
0.18622447550296783,0.4402976632118225,0.6140246391296387
0.2083842158317566,0.14595358073711395,0.6429471969604492
0.28109511733055115,0.057807955890893936,0.12822043895721436
0.10017087310552597,0.04898756369948387,0.1751483678817749
0.10008768737316132,0.10008768737316132,0.28898218274116516
0.46503686904907227,0.20294632017612457,0.451946496963501
0.21460457146167755,0.21460457146167755,0.5596495270729065
0.4958944320678711,0.6064004302024841,0.756845235824585
0.706133246421814,0.7225215435028076,0.8359192609786987
0.18744583427906036,0.3430067002773285,0.3381061553955078
0.011439732275903225,0.011439732275903225,0.052053116261959076
0.3405856192111969,0.579375147819519,0.6497617363929749
0.23467396199703217,0.23467396199703217,0.48819613456726074
0.5536219477653503,0.3033805787563324,0.7077760100364685
0.41606563329696655,0.39078402519226074,0.7084312438964844
0.046663329005241394,0.03931942582130432,0.1389901041984558
0.2777024805545807,0.2777024805545807,0.5551658868789673
0.46145567297935486,0.46046075224876404,0.7772970199584961
0.5289400815963745,0.3863069415092468,0.3790060877799988
0.4141126275062561,0.26559850573539734,0.44587236642837524
0.15766502916812897,0.15766502916812897,0.3520999252796173
0.5349968075752258,0.5452166795730591,0.7953630685806274
0.9388217926025391,0.9840288162231445,0.9379836916923523
0.2358330637216568,0.2642211616039276,0.5030489563941956
0.06587301939725876,0.10907081514596939,0.36537155508995056
0.2029043436050415,0.21410635113716125,0.5314062237739563
0.2082539051771164,0.21274115145206451,0.38580259680747986
0.011240432970225811,0.011240432970225811,0.04012614116072655
0.4686248302459717,0.4261520802974701,0.6317668557167053
0.480659544467926,0.11051100492477417,0.3195417523384094
0.24858497083187103,0.25268879532814026,0.6027452349662781
0.6012879610061646,0.36139822006225586,0.61650151014328
0.9586302042007446,0.9802452921867371,0.9801985025405884
0.20619434118270874,0.23364055156707764,0.4527590274810791
0.1929244101047516,0.05410953238606453,0.1861233413219452
0.6055189967155457,0.3886120617389679,0.7175900936126709
0.04286910220980644,0.04286910220980644,0.1520790010690689
0.08370329439640045,0.08077631145715714,0.18704989552497864
0.2128339558839798,0.10512994229793549,0.28614509105682373
0.06288768351078033,0.049391619861125946,0.16621090471744537
0.5334821343421936,0.5334821343421936,0.737170398235321
0.20439369976520538,0.15050895512104034,0.2829451262950897
0.34149792790412903,0.4739728271961212,0.6251884698867798
0.5081244707107544,0.36311501264572144,0.5957664847373962
0.09101960808038712,0.10029931366443634,0.24953073263168335
0.7981290221214294,0.594819188117981,0.6919107437133789
0.554336428642273,0.4810887575149536,0.6625306606292725
0.6733497977256775,0.6773492693901062,0.955740749835968
0.0853794664144516,0.0853794664144516,0.32806017994880676
0.23775817453861237,0.29241809248924255,0.34398120641708374
0.04945756122469902,0.0750991478562355,0.21796825528144836
0.16967247426509857,0.4436849355697632,0.5234169960021973
0.15039272606372833,0.16093619167804718,0.26764553785324097
0.48235759139060974,0.43989160656929016,0.7425779104232788
0.2909131944179535,0.1294308453798294,0.3603009581565857
0.1481236070394516,0.13726672530174255,0.531341552734375
0.03246571868658066,0.03246571868658066,0.14374083280563354
0.2723999321460724,0.17673568427562714,0.355805367231369
0.7408657670021057,0.7694848775863647,0.9632009863853455
0.0577566921710968,0.0577566921710968,0.2119593769311905
0.11042182147502899,0.13116176426410675,0.2589181065559387
0.8353815674781799,0.7813296318054199,0.6263501048088074
0.10134326666593552,0.09317297488451004,0.359887957572937
0.12281560897827148,0.28353601694107056,0.2793017029762268
0.3053041696548462,0.23650085926055908,0.5790146589279175
0.523637592792511,0.4938824772834778,0.5892776250839233
0.9280433058738708,0.9028413891792297,0.9418165683746338
0.025031886994838715,0.025031886994838715,0.10900814831256866
0.26217710971832275,0.37450018525123596,0.4600624144077301
0.712948739528656,0.6915388703346252,0.8325402736663818
0.31212133169174194,0.31212133169174194,0.7241225242614746
0.3093850314617157,0.05519949272274971,0.1850064992904663
0.25770071148872375,0.1842564344406128,0.4411175847053528
0.14589622616767883,0.07443797588348389,0.2462054193019867
0.645969033241272,0.6436502933502197,0.8246394395828247
0.3168947696685791,0.2956756055355072,0.662234902381897
0.13572390377521515,0.25186583399772644,0.3500699996948242
0.40450018644332886,0.11130820959806442,0.31943362951278687
0.0860460102558136,0.08355339616537094,0.18570828437805176
0.5639411807060242,0.6083628535270691,0.838261604309082
0.13924983143806458,0.13924983143806458,0.4882413148880005
0.7361885905265808,0.7262678146362305,0.8519917726516724
0.06294865906238556,0.07250751554965973,0.26906678080558777
0.1160927340388298,0.15452302992343903,0.23924686014652252
0.3255470097064972,0.23571118712425232,0.14416548609733582
0.27139556407928467,0.04708888754248619,0.16523070633411407
0.40586844086647034,0.199737086892128,0.5278783440589905
0.3362487852573395,0.18492905795574188,0.46645012497901917
0.4339923560619354,0.4339923560619354,0.6470819711685181
0.5487084984779358,0.6295355558395386,0.8064954280853271
0.006497129797935486,0.006497129797935486,0.02885531634092331
0.061647891998291016,0.06185983121395111,0.16154544055461884
0.12701496481895447,0.1301255226135254,0.2599031329154968
0.4119792580604553,0.1434343308210373,0.37864139676094055
0.07760682702064514,0.07519415020942688,0.2873823940753937
0.24449937045574188,0.24449937045574188,0.3731169104576111
0.29052257537841797,0.270627498626709,0.6915999054908752
0.48992568254470825,0.3137652575969696,0.1929553747177124
0.7182636857032776,0.6702694296836853,0.7187473177909851
0.1646026223897934,0.166296124458313,0.46545520424842834
0.19682717323303223,0.19682717323303223,0.4701913595199585
0.5994435548782349,0.5815895795822144,0.9120655655860901
0.01289461087435484,0.01289461087435484,0.05194687470793724
0.18757066130638123,0.3645946979522705,0.6098501086235046
0.7464125752449036,0.7464125752449036,0.8470698595046997
0.3856298327445984,0.3856225907802582,0.6445959210395813
0.2231922298669815,0.16189013421535492,0.4830845594406128
0.4802694320678711,0.4899299442768097,0.6567668318748474
0.18949630856513977,0.09376993030309677,0.2499370574951172
0.3832007646560669,0.3719605505466461,0.7791171073913574
0.36631056666374207,0.3849836587905884,0.6537345051765442
0.8282957673072815,0.6306219100952148,0.8432013988494873
0.15720656514167786,0.15714333951473236,0.3280101716518402
0.14593856036663055,0.14413265883922577,0.3747788965702057
0.2779475450515747,0.19929833710193634,0.35094326734542847
0.05731823667883873,0.05731823667883873,0.16409432888031006
0.2302050143480301,0.04814978688955307,0.09848785400390625
0.18972258269786835,0.23510311543941498,0.36475667357444763
0.2691724896430969,0.2691724896430969,0.4825085997581482
0.19798308610916138,0.18626518547534943,0.43210896849632263
0.5505221486091614,0.5505221486091614,0.288058876991272
0.20498517155647278,0.09506537020206451,0.20105354487895966
0.503886342048645,0.503886342048645,0.6767845749855042
0.5199298858642578,0.5199298858642578,0.7682144641876221
0.12719228863716125,0.12719228863716125,0.2766430377960205
0.18745701014995575,0.18047699332237244,0.4456791281700134
0.1710180938243866,0.12322955578565598,0.3689816892147064
0.4118810296058655,0.37628862261772156,0.6613078117370605
0.20122089982032776,0.17193317413330078,0.2200000286102295
0.1790836602449417,0.1217912957072258,0.3262099325656891
0.1476004421710968,0.1476004421710968,0.39393195509910583
0.7603729963302612,0.6096652150154114,0.8120971918106079
0.16831403970718384,0.1629146933555603,0.302897572517395
0.7452964782714844,0.7452964782714844,0.47804537415504456
0.16192999482154846,0.16192999482154846,0.5265446305274963
0.33470556139945984,0.3367106318473816,0.4994276165962219
0.546635627746582,0.7260478734970093,0.855165958404541
0.3851841390132904,0.3851841390132904,0.6847100257873535
0.3209809958934784,0.20353762805461884,0.37233152985572815
0.7297433018684387,0.7044317126274109,0.8229445219039917
0.3450174629688263,0.2569045126438141,0.5153159499168396
0.45163029432296753,0.45163029432296753,0.7822524309158325
0.43824973702430725,0.12046936899423599,0.34104299545288086
0.4935826063156128,0.5005622506141663,0.9018151760101318
0.5241005420684814,0.603767991065979,0.7607975006103516
0.38096994161605835,0.22118082642555237,0.4893731474876404
0.45288583636283875,0.5588436126708984,0.7654741406440735
0.22284144163131714,0.10592643916606903,0.28997546434402466
0.5891969799995422,0.6409019827842712,0.9488827586174011
0.967073917388916,0.9399111270904541,0.9550572037696838
0.026286562904715538,0.0380251370370388,0.166090726852417
0.7345545291900635,0.5672617554664612,0.8083988428115845
0.25854161381721497,0.03748804330825806,0.14086414873600006
0.0950278490781784,0.07647082209587097,0.29765164852142334
0.6091555953025818,0.3344627022743225,0.7668691277503967
0.20204877853393555,0.18041789531707764,0.3679506480693817
0.4109135866165161,0.4109135866165161,0.5679631233215332
0.39700254797935486,0.39700254797935486,0.7870780825614929
0.23777218163013458,0.09141820669174194,0.22350165247917175
0.2329525649547577,0.20403791964054108,0.4680194854736328
0.21730053424835205,0.08356830477714539,0.21655921638011932
0.6794424057006836,0.3584572374820709,0.7825254201889038
0.25902819633483887,0.2583600580692291,0.6265583038330078
0.7164450287818909,0.6565769910812378,0.8850789666175842
0.18583747744560242,0.15174585580825806,0.40283775329589844
0.15830373764038086,0.14858780801296234,0.5043801665306091
0.13004224002361298,0.13004224002361298,0.43949586153030396
0.9187198281288147,0.9362751841545105,0.8777675628662109
0.7067123055458069,0.7607727646827698,0.893451452255249
0.2502654194831848,0.2013695240020752,0.5120830535888672
0.4667171835899353,0.47075214982032776,0.7823980450630188
0.24172039330005646,0.2516694962978363,0.3947630524635315
0.6585219502449036,0.6585219502449036,0.4110942482948303
0.5241336822509766,0.17227359116077423,0.5409212708473206
0.6644212007522583,0.6644212007522583,0.7870980501174927
0.12073352187871933,0.05634167417883873,0.2564581036567688
0.1693575531244278,0.10586734861135483,0.1833719164133072
0.2423270046710968,0.2717321813106537,0.4734712243080139
0.23714523017406464,0.23714523017406464,0.5440351366996765
0.4499760866165161,0.4499760866165161,0.8332200050354004
0.2015756219625473,0.11639031022787094,0.31548434495925903
0.30941087007522583,0.30941087007522583,0.515855073928833
0.5636403560638428,0.21124210953712463,0.654179573059082
0.11461655795574188,0.13738788664340973,0.35332536697387695
0.1572265625,0.18416300415992737,0.5467329025268555
0.16601380705833435,0.23429924249649048,0.5078564882278442
0.30347177386283875,0.39157629013061523,0.7195611596107483
0.04325096681714058,0.028295785188674927,0.07217265665531158
0.8221114277839661,0.6314465403556824,0.7904133200645447
0.5124009847640991,0.5928187370300293,0.9216799736022949
0.38279253244400024,0.39633551239967346,0.6198844909667969
0.11011240631341934,0.11011240631341934,0.2632818818092346
0.20192691683769226,0.146879643201828,0.4559327960014343
0.2630174160003662,0.03635203838348389,0.13384617865085602
0.10596699267625809,0.12476718425750732,0.3118925392627716
0.5395009517669678,0.5730662941932678,0.7321103811264038
0.23885373771190643,0.4042612612247467,0.5242984294891357
0.20380066335201263,0.13125796616077423,0.40189725160598755
0.6112960577011108,0.7276209592819214,0.8496181964874268
0.10000103712081909,0.07485651224851608,0.21517826616764069
0.3127726912498474,0.19609692692756653,0.4493362307548523
0.3465174436569214,0.29573485255241394,0.4346073269844055
0.170297309756279,0.12277159094810486,0.3159013092517853
0.1567283272743225,0.1567283272743225,0.31493014097213745
0.08553890138864517,0.1973535120487213,0.30433550477027893
0.7364714741706848,0.5822614431381226,0.7544714212417603
0.5664721727371216,0.3215968906879425,0.6380478143692017
0.37105390429496765,0.37105390429496765,0.6538345217704773
0.20017172396183014,0.2659589648246765,0.45517227053642273
0.47302910685539246,0.25267550349235535,0.40790027379989624
0.28552934527397156,0.2728472352027893,0.5013747215270996
0.42952802777290344,0.42952802777290344,0.6519519090652466
0.024872448295354843,0.024872448295354843,0.106234610080719
0.31226083636283875,0.31226083636283875,0.6021105051040649
0.45248720049858093,0.45985648036003113,0.7328779101371765
0.30369099974632263,0.30369099974632263,0.6029665470123291
0.25515833497047424,0.2535935044288635,0.5706357359886169
0.5760452747344971,0.32713019847869873,0.7369429469108582
0.3472205400466919,0.21020010113716125,0.5252163410186768
0.026267537847161293,0.026267537847161293,0.07270997017621994
0.22380177676677704,0.27105581760406494,0.4696813225746155
0.031230071559548378,0.031230071559548378,0.0682835727930069
0.245592400431633,0.19814883172512054,0.38929715752601624
0.30031538009643555,0.31570103764533997,0.6967850923538208
0.5693359375,0.5693359375,0.8639728426933289
0.26409032940864563,0.22998854517936707,0.5420467257499695
0.3771524131298065,0.3771524131298065,0.7324184775352478
0.43639087677001953,0.2218668907880783,0.41758838295936584
0.06433593481779099,0.024828704074025154,0.04215622693300247
0.22277583181858063,0.24029448628425598,0.5541287660598755
0.2551419138908386,0.30568480491638184,0.5887525081634521
0.7020694613456726,0.6002129316329956,0.7208383083343506
0.19384419918060303,0.051110558211803436,0.18545189499855042
0.10614636540412903,0.10614636540412903,0.30747562646865845
0.3161332607269287,0.09825414419174194,0.371846467256546
0.05687978118658066,0.056010901927948,0.2002842277288437
0.7692281603813171,0.6566753387451172,0.7840803861618042
0.8043392300605774,0.7777568101882935,0.9663145542144775
0.7041235566139221,0.5856615900993347,0.773508608341217
0.2442118376493454,0.18502868711948395,0.3499763607978821
0.32950830459594727,0.5544645190238953,0.47079432010650635
0.6262058019638062,0.2773700952529907,0.5895175933837891
0.7118741273880005,0.8140668869018555,0.847876250743866
0.3866589367389679,0.4018790125846863,0.6850366592407227
0.757503867149353,0.9361137747764587,0.8273403644561768
0.23943716287612915,0.24222616851329803,0.6358657479286194
0.18327486515045166,0.3024682402610779,0.49924373626708984
0.14748087525367737,0.14748087525367737,0.45327574014663696
0.30108505487442017,0.34189000725746155,0.49361294507980347
0.7990672588348389,0.7990672588348389,0.5920706987380981
0.023357782512903214,0.023357782512903214,0.09279383718967438
0.31253281235694885,0.2172016203403473,0.6542685627937317
0.6311414241790771,0.46189409494400024,0.8709946274757385
0.037079162895679474,0.011499413289129734,0.03596295788884163
0.35732221603393555,0.4947427809238434,0.7388825416564941
0.32368677854537964,0.33185189962387085,0.7784135341644287
0.04378587752580643,0.04378587752580643,0.11971913278102875
0.8537746667861938,0.8244629502296448,0.6376267671585083
0.5049763917922974,0.5894655585289001,0.752830445766449
0.20441976189613342,0.2246401309967041,0.5793051719665527
0.05456792563199997,0.05655935779213905,0.1288064569234848
0.44617587327957153,0.1802791804075241,0.2796005606651306
0.39233896136283875,0.43040019273757935,0.7521958947181702
0.09117905050516129,0.09117905050516129,0.2725403904914856
0.9422780275344849,0.8783956170082092,0.9946330785751343
0.07760682702064514,0.07747294753789902,0.17964038252830505
0.17895451188087463,0.033541932702064514,0.11433586478233337
0.6839324831962585,0.6839324831962585,0.8523067831993103
0.08019769936800003,0.08019769936800003,0.2112765908241272
0.07636018842458725,0.19569234549999237,0.24684888124465942
0.5153040289878845,0.3392382264137268,0.6292593479156494
0.613882303237915,0.6008740067481995,0.8440512418746948
0.177734375,0.177734375,0.36517515778541565
0.10661374032497406,0.2831493318080902,0.2850182056427002
0.06177554279565811,0.06337560713291168,0.2739053964614868
0.020298082381486893,0.02041802369058132,0.08254639059305191
0.1689368188381195,0.09191516041755676,0.2793015241622925
0.17003704607486725,0.25135958194732666,0.22487092018127441
0.12238918244838715,0.12238918244838715,0.3629465699195862
0.40763556957244873,0.39171168208122253,0.7188627123832703
0.04872847720980644,0.04872847720980644,0.2063325047492981
0.06210140511393547,0.06210140511393547,0.24748873710632324
0.02239581197500229,0.008386844769120216,0.035587430000305176
0.08057951927185059,0.0518973246216774,0.21406853199005127
0.2945232391357422,0.2945232391357422,0.602815568447113
0.27375635504722595,0.27375635504722595,0.6512569785118103
0.01387117337435484,0.01387117337435484,0.06594301015138626
0.09203200042247772,0.08666934818029404,0.2715027630329132
0.3971022069454193,0.3971022069454193,0.7202396392822266
0.09867909550666809,0.14427611231803894,0.283795565366745
0.15774132311344147,0.04717394709587097,0.18151319026947021
0.5032286643981934,0.552451491355896,0.7071178555488586
0.2876206338405609,0.42243316769599915,0.6047507524490356
0.21223293244838715,0.3097984790802002,0.563099205493927
0.4014275372028351,0.18363305926322937,0.24769926071166992
0.01773756369948387,0.0244132149964571,0.07673203945159912
0.22883450984954834,0.22883450984954834,0.4682539105415344
0.16360409557819366,0.1742870807647705,0.4426462948322296
0.22560584545135498,0.2240380346775055,0.569657564163208
0.10036671161651611,0.10036671161651611,0.31404632329940796
0.49300456047058105,0.5659212470054626,0.8017810583114624
0.6372694969177246,0.4374236762523651,0.5997209548950195
0.13799425959587097,0.13799425959587097,0.4026828706264496
0.061129190027713776,0.009048149921000004,0.03409198299050331
0.2527925372123718,0.29032790660858154,0.5063596963882446
0.3788752555847168,0.38657987117767334,0.7264055013656616
0.12856586277484894,0.05187739059329033,0.1381761133670807
0.1947847455739975,0.3300507664680481,0.3182273209095001
0.1001674085855484,0.1001674085855484,0.2780674695968628
0.7304078340530396,0.5569594502449036,0.8378474712371826
0.2367851585149765,0.3052712082862854,0.5555600523948669
0.24457907676696777,0.24457907676696777,0.5346068143844604
0.15302136540412903,0.19540739059448242,0.38621190190315247
0.31368592381477356,0.26659271121025085,0.4020589292049408
0.134908527135849,0.13691803812980652,0.3939446210861206
0.34478631615638733,0.35388442873954773,0.685486912727356
0.6821188926696777,0.7429217100143433,0.8834614157676697
0.16491948068141937,0.16491948068141937,0.353914350271225
0.3597559928894043,0.3673405051231384,0.7636643648147583
0.6488143801689148,0.47551193833351135,0.8078556060791016
0.612284779548645,0.612284779548645,0.7698552012443542
0.3265106678009033,0.3265106678009033,0.5387285947799683
0.21013176441192627,0.21615910530090332,0.5923964977264404
0.22221778333187103,0.22221778333187103,0.6442111730575562
0.021487249061465263,0.016509078443050385,0.06163590028882027
0.6609638333320618,0.5041862726211548,0.6077333092689514
0.4363998770713806,0.3467593789100647,0.5834335088729858
0.11623086035251617,0.11623086035251617,0.3304523527622223
0.4414304792881012,0.20974959433078766,0.41086530685424805
0.9340298175811768,0.8986851572990417,0.9383224844932556
0.2626355290412903,0.3786216676235199,0.5482174754142761
0.10293766856193542,0.10293766856193542,0.31920892000198364
0.3835299611091614,0.40352869033813477,0.5453158020973206
0.12868700921535492,0.19861121475696564,0.3113638162612915
0.17485317587852478,0.22505971789360046,0.2755456864833832
0.3419961631298065,0.4183434844017029,0.7237790822982788
0.39849725365638733,0.44907236099243164,0.7101205587387085
0.10682397335767746,0.11127198487520218,0.3144407570362091
0.39305436611175537,0.17677775025367737,0.3566036522388458
0.9178580641746521,0.8753584027290344,0.9771549701690674
0.18759964406490326,0.18762178719043732,0.39916110038757324
0.05189421772956848,0.056986577808856964,0.21048258244991302
0.4878932237625122,0.17012889683246613,0.5665634870529175
0.8679443597793579,0.8274068236351013,0.9092852473258972
0.5410355925559998,0.5502271056175232,0.7173742055892944
0.18911100924015045,0.14248064160346985,0.22413499653339386
0.7631279826164246,0.753186821937561,0.8195732831954956
0.4937818944454193,0.49431875348091125,0.7051990032196045
0.04322784021496773,0.04322784021496773,0.12985827028751373
0.6213827729225159,0.5558989644050598,0.7583850026130676
0.2092633992433548,0.2092633992433548,0.5918775796890259
0.10063844174146652,0.12634041905403137,0.08057868480682373
0.5369687080383301,0.5420964956283569,0.9440042972564697
0.31016820669174194,0.39730092883110046,0.641691267490387
0.4845602512359619,0.14963918924331665,0.2936834692955017
0.06546955555677414,0.06546955555677414,0.2006310522556305
0.1775350719690323,0.18250590562820435,0.4452255368232727
0.5018630623817444,0.484071284532547,0.839555561542511
0.14445151388645172,0.14445151388645172,0.38541239500045776
0.1733580231666565,0.20760543644428253,0.42035481333732605
0.27708032727241516,0.29829633235931396,0.4229772686958313
0.1319156438112259,0.160553440451622,0.279806911945343
0.6104711294174194,0.6422693133354187,0.7824363708496094
0.1269531399011612,0.1269531399011612,0.2959410846233368
0.03400031849741936,0.03400031849741936,0.1109728142619133
0.588282585144043,0.48197054862976074,0.7903091311454773
0.1697850078344345,0.02376643568277359,0.07697450369596481
0.2680497169494629,0.1833147406578064,0.45556414127349854
0.30996042490005493,0.20136171579360962,0.11960282921791077
0.44781336188316345,0.337132066488266,0.5791956782341003
