batch_idx,disjoint,id_ood_gap,loss,rob_mean,rob_var,sho_gap,sho_mean,sparse
0,11.652425765991211,4.031824111938477,-8.852401733398438,4.881412029266357,0.3929406404495239,0.8688786029815674,4.914854049682617,14.947872161865234
1,12.907427787780762,3.8857481479644775,-9.932065963745117,5.430810451507568,0.31337374448776245,0.75248122215271,5.460777282714844,16.056678771972656
2,12.361141204833984,3.3526482582092285,-9.412055015563965,5.1408185958862305,0.20209810137748718,0.5188391208648682,5.150301456451416,15.560310363769531
3,13.611553192138672,3.02890682220459,-9.53508472442627,5.246142864227295,0.2925845980644226,0.7628970146179199,5.294585227966309,17.187034606933594
4,12.773247718811035,4.087818145751953,-8.942646980285645,4.929741859436035,0.2481609582901001,0.8112678527832031,4.940151214599609,16.06332015991211
5,12.233793258666992,4.122162818908691,-7.783407211303711,4.303043365478516,0.16868077218532562,0.6529271006584167,4.34114933013916,15.528891563415527
6,12.831549644470215,4.065149307250977,-9.650806427001953,5.265883445739746,0.3217824101448059,0.8571493625640869,5.351846694946289,16.120676040649414
7,13.196514129638672,3.12743878364563,-10.34789752960205,5.666749954223633,0.3532874584197998,0.7816054821014404,5.675880432128906,16.361770629882812
8,12.869342803955078,3.7654082775115967,-8.861339569091797,4.8899827003479,0.29052087664604187,0.7586127519607544,4.9252142906188965,16.171953201293945
9,12.118184089660645,3.51485013961792,-9.178897857666016,5.016209125518799,0.2055172622203827,0.6439200639724731,5.034848213195801,15.388029098510742
10,15.077726364135742,2.7397470474243164,-12.006640434265137,6.504916191101074,0.20263145864009857,0.6831101179122925,6.523802757263184,18.41525650024414
11,11.035491943359375,3.3641843795776367,-6.9637064933776855,3.861243724822998,0.17425906658172607,0.45619940757751465,3.896557569503784,14.139312744140625
12,11.865423202514648,3.8843488693237305,-8.441020965576172,4.65376091003418,0.23907554149627686,0.8223106265068054,4.666789531707764,15.199838638305664
13,13.459122657775879,3.3299388885498047,-8.77197551727295,4.840648651123047,0.1973772644996643,0.5743097066879272,4.856949329376221,16.538700103759766
14,11.284865379333496,3.688431739807129,-9.555366516113281,5.218001365661621,0.3745640516281128,0.8882684111595154,5.253653526306152,14.580135345458984
15,12.603231430053711,2.5602495670318604,-9.203054428100586,5.050382614135742,0.253053218126297,0.629941999912262,5.076019287109375,15.936421394348145
16,12.092473030090332,3.873802661895752,-8.951763153076172,4.9041619300842285,0.2539273500442505,0.75535649061203,4.942113399505615,15.350969314575195
17,12.170520782470703,3.550705671310425,-8.104819297790527,4.492405891418457,0.27739471197128296,0.8345483541488647,4.520849227905273,15.394756317138672
18,12.512836456298828,2.9972848892211914,-7.9894819259643555,4.410883903503418,0.14137303829193115,0.28638631105422974,4.439731121063232,15.808923721313477
19,13.43366813659668,3.7223329544067383,-9.366814613342285,5.139684677124023,0.2066745162010193,0.6278520822525024,5.163176536560059,16.654190063476562
20,11.475458145141602,3.818070650100708,-9.174196243286133,5.00433349609375,0.2303265780210495,0.8328466415405273,5.022958755493164,14.758652687072754
21,11.748872756958008,3.3792905807495117,-6.726719856262207,3.795532703399658,0.3301524519920349,0.4231293201446533,3.838116407394409,14.837054252624512
22,13.590198516845703,3.6127400398254395,-9.791350364685059,5.400390625,0.37059885263442993,0.9423855543136597,5.429652214050293,17.06785011291504
23,12.472023010253906,3.720527172088623,-9.465709686279297,5.150280475616455,0.34695106744766235,0.8343937397003174,5.28307580947876,15.883424758911133
24,11.657527923583984,3.7448482513427734,-8.613151550292969,4.75441837310791,0.423281192779541,0.7684258222579956,4.832159996032715,15.235715866088867
