dataset,grid,method,n,score
ham10000,,uniform,1000,0.26521456473214283
ham10000,,gaussian_sigma_h4,1000,0.4548822719508694
ham10000,,gaussian_sigma_h6,1000,0.6207669853385278
ham10000,7,center_1cell,1000,0.939751953125
ham10000,7,center_3x3,1000,0.7292459852430555
ham10000,14,center_1cell,1000,0.93430078125
ham10000,14,center_3x3,1000,0.8783975694444444
ham10000,28,center_1cell,1000,0.95496875
ham10000,28,center_3x3,1000,0.9435711805555556
ham10000,56,center_1cell,1000,0.9610625
ham10000,56,center_3x3,1000,0.9584444444444443
brain_tumor,,uniform,1000,0.016599888392857143
brain_tumor,,gaussian_sigma_h4,1000,0.03639321223055267
brain_tumor,,gaussian_sigma_h6,1000,0.058560550796502686
brain_tumor,7,center_1cell,1000,0.1311640625
brain_tumor,7,center_3x3,1000,0.07326128472222222
brain_tumor,14,center_1cell,1000,0.11028125
brain_tumor,14,center_3x3,1000,0.1006484375
brain_tumor,28,center_1cell,1000,0.130296875
brain_tumor,28,center_3x3,1000,0.1235
brain_tumor,56,center_1cell,1000,0.137625
brain_tumor,56,center_3x3,1000,0.13651388888888888
